"","inv_1","inv_2","inv_3","inv_4","inv_5"
"VOL_1","1.0658201","1.0342668","0.9436338","0.9521335","0.3830618"
"VOL_2","0.8245873","0.9145739","0.9482087","0.8936449","0.4287429"
"VOL_3","0.8193393","0.8041513","0.8261244","0.8906347","0.3855558"
"VOL_4","0.8917354","0.8822732","0.8029589","0.6835062","0.4510835"
"VOL_5","0.8438721","0.6457877","0.6457619","0.7059479","0.4850813"
