"","volm_1","volm_2","volm_3","volm_4","volm_5"
"VOL_1","2.078945","4.006305","4.786802","1.576575","3.552447"
"VOL_2","4.432545","1.566033","3.234718","4.128759","1.820519"
"VOL_3","3.128305","3.747466","0.961690","2.603855","3.283932"
"VOL_4","2.078945","4.006305","4.786802","1.576575","3.552447"
"VOL_5","4.432545","1.566033","3.234718","4.128759","1.820519"
