"","SMB_bm","SMB_op","SMB_inv","SMB"
"SMB_bm",1,0.834162457975884,0.957973245631749,0.964894296998921
"SMB_op",0.834162457975884,1,0.908932559218095,0.943889342481274
"SMB_inv",0.957973245631749,0.908932559218095,1,0.989777333118575
"SMB",0.964894296998921,0.943889342481274,0.989777333118575,1
