"","op_1","op_2","op_3","op_4","op_5"
"SIZE_1","2.149707","4.196303","4.385210","3.873263","3.288400"
"SIZE_2","2.117774","3.923249","4.250684","3.967683","3.978843"
"SIZE_3","2.397095","3.644041","4.124851","3.800726","3.926604"
"SIZE_4","2.416979","3.732325","4.096043","4.087640","4.049441"
"SIZE_5","1.743063","2.787741","3.287694","3.368640","4.166690"
