"","inv_1","inv_2","inv_3","inv_4","inv_5"
"SIZE_1","1.0087407","1.0078945","0.9699413","0.8721514","0.3439482"
"SIZE_2","0.8890162","0.9202415","0.9476152","0.9708378","0.4926504"
"SIZE_3","0.9239737","0.9091222","0.8328885","0.8238631","0.4969512"
"SIZE_4","0.8229826","0.8112612","0.8014883","0.7560923","0.5685021"
"SIZE_5","0.7721920","0.6270281","0.5923368","0.6070858","0.5214509"
