"","inv_1","inv_2","inv_3","inv_4","inv_5"
"SIZE_1","3.661761","4.645883","4.519451","3.887665","1.251013"
"SIZE_2","3.612531","4.501868","4.649776","4.470791","1.830123"
"SIZE_3","4.115820","4.816181","4.449667","3.978180","1.974268"
"SIZE_4","4.023764","4.382155","4.442248","4.022430","2.349331"
"SIZE_5","4.459043","4.070355","3.723083","3.599468","2.482879"
