"","op_1","op_2","op_3","op_4","op_5"
"VOL_1","0.5248391","0.8088089","0.9205875","0.8473085","0.7298879"
"VOL_2","0.4607644","0.8352420","0.8302942","0.8867010","0.8470030"
"VOL_3","0.4431111","0.7370526","0.7989033","0.7465203","0.8782984"
"VOL_4","0.3840100","0.6036820","0.7425694","0.7134082","0.7842090"
"VOL_5","0.1921820","0.3256576","0.4082413","0.4838227","0.4953069"
