"","bm_1","bm_2","bm_3","bm_4","bm_5"
"SIZE_1","0.876474","2.757487","3.554533","4.424324","4.579164"
"SIZE_2","1.642004","3.113239","4.061932","4.227594","4.117500"
"SIZE_3","1.705802","3.301877","3.638416","4.366284","4.829014"
"SIZE_4","2.463133","2.751164","3.608399","4.157470","4.330654"
"SIZE_5","2.381077","2.932759","2.743042","2.985421","3.275126"
