"","SMB_bm","SMB_op","SMB_inv","SMB","MOM"
"SMB_bm",1,0.951149427573424,0.973830910114312,0.986842809842246,-0.125203070471757
"SMB_op",0.951149427573424,1,0.967055048919914,0.984571706374762,-0.0986374020262813
"SMB_inv",0.973830910114312,0.967055048919914,1,0.99237765483358,-0.155455735600138
"SMB",0.986842809842246,0.984571706374762,0.99237765483358,1,-0.128165913155834
"MOM",-0.125203070471757,-0.0986374020262813,-0.155455735600138,-0.128165913155834,1
