"","volm_1","volm_2","volm_3","volm_4","volm_5"
"SIZE_1","1.844650","3.644192","4.703325","2.041303","3.621837"
"SIZE_2","4.725707","2.081476","3.723982","4.455919","2.579260"
"SIZE_3","3.487892","4.402004","2.123472","3.368800","3.956442"
"SIZE_4","1.844650","3.644192","4.703325","2.041303","3.621837"
"SIZE_5","4.725707","2.081476","3.723982","4.455919","2.579260"
