"","emp_1","emp_2","emp_3","emp_4","emp_5"
"VOL_1","2.852053","3.808384","3.905852","2.798993","0.4006893"
"VOL_2","2.754501","4.075239","3.942840","3.469144","1.1227027"
"VOL_3","3.566859","4.222296","3.733713","3.177854","1.2745055"
"VOL_4","3.311033","3.861107","3.759810","3.328178","1.6636126"
"VOL_5","3.741469","3.459271","2.952939","2.725825","1.4909196"
