"","op_1","op_2","op_3","op_4","op_5"
"SIZE_1","0.6004887","0.9264915","0.9498972","0.8865671","0.8605318"
"SIZE_2","0.5697705","0.8469154","0.8799307","0.8568927","0.9741311"
"SIZE_3","0.6075448","0.7030331","0.8054387","0.7878379","0.8876769"
"SIZE_4","0.5622310","0.6929042","0.7687619","0.7835985","0.8287704"
"SIZE_5","0.3712292","0.4736103","0.5590076","0.5722444","0.6875795"
