"","inv_1","inv_2","inv_3","inv_4","inv_5"
"SIZE_1","1.0074737","1.0065833","0.9689499","0.8724204","0.3439692"
"SIZE_2","0.8890295","0.9209159","0.9478059","0.9712613","0.4921667"
"SIZE_3","0.9237334","0.9090700","0.8326883","0.8239205","0.4970779"
"SIZE_4","0.8224781","0.8112824","0.8014193","0.7562615","0.5676033"
"SIZE_5","0.7721920","0.6270588","0.5923258","0.6070916","0.5215994"
