"","volm_1","volm_2","volm_3","volm_4","volm_5"
"SIZE_1","1.869530","3.693598","4.736675","2.040908","3.655029"
"SIZE_2","4.748377","2.079948","3.758337","4.496129","2.645167"
"SIZE_3","3.565392","4.349291","1.977555","3.402687","3.630098"
"SIZE_4","1.869530","3.693598","4.736675","2.040908","3.655029"
"SIZE_5","4.748377","2.079948","3.758337","4.496129","2.645167"
