"","volm_1","volm_2","volm_3","volm_4","volm_5"
"VOL_1","0.2053288","2.204611","2.913580","3.824591","3.801088"
"VOL_2","1.3706239","2.671513","3.561633","3.729376","3.428288"
"VOL_3","1.4903259","3.036921","3.367172","3.688290","4.240101"
"VOL_4","2.3751884","2.728728","3.397218","3.549769","3.784966"
"VOL_5","2.3769015","3.124169","2.878281","2.730238","3.107358"
