"","bm_1","bm_2","bm_3","bm_4","bm_5"
"SIZE_1","0.3119368","0.7280159","0.7833167","0.9652290","1.1453717"
"SIZE_2","0.5251365","0.7847029","0.9100792","0.9261499","1.0070506"
"SIZE_3","0.5428962","0.7639390","0.7803440","0.8944516","1.0875607"
"SIZE_4","0.6638732","0.6590617","0.7818504","0.8264168","0.9485666"
"SIZE_5","0.6120001","0.5968546","0.5406918","0.6074825","0.6956100"
