"","bm_1","bm_2","bm_3","bm_4","bm_5"
"VOL_1","1.278917","2.841217","3.883951","4.417914","4.513528"
"VOL_2","1.507414","3.147256","3.820213","4.219894","4.337871"
"VOL_3","1.814369","3.179025","3.864444","3.974291","3.840962"
"VOL_4","2.313256","3.021941","3.540000","3.936758","3.881158"
"VOL_5","2.485656","2.898098","2.861845","3.216310","3.366270"
