"","op_1","op_2","op_3","op_4","op_5"
"SIZE_1","0.6002239","0.9262022","0.9494031","0.8854258","0.8607905"
"SIZE_2","0.5690365","0.8467740","0.8803928","0.8574368","0.9741174"
"SIZE_3","0.6070007","0.7037401","0.8052998","0.7878934","0.8876653"
"SIZE_4","0.5614561","0.6932679","0.7685411","0.7833953","0.8286589"
"SIZE_5","0.3716426","0.4736417","0.5589572","0.5725226","0.6875993"
