"","MKT_R","SMB","HML","RMW","CMA","MOM"
"MKT_R",1,-0.00755727215654961,-0.248094407002292,-0.293455884185185,-0.32190021926675,-0.0502619435448314
"SMB",-0.00755727215654961,1,0.22155113066057,-0.0982404684073839,0.247874657879802,-0.109931690257519
"HML",-0.248094407002292,0.22155113066057,1,0.266228661820218,0.685959563770872,-0.0126794340016367
"RMW",-0.293455884185185,-0.0982404684073839,0.266228661820218,1,0.0679908075155006,0.181786346046814
"CMA",-0.32190021926675,0.247874657879802,0.685959563770872,0.0679908075155006,1,0.0426340256187759
"MOM",-0.0502619435448314,-0.109931690257519,-0.0126794340016367,0.181786346046814,0.0426340256187759,1
