"","inv_1","inv_2","inv_3","inv_4","inv_5"
"VOL_1","0.9694988","0.9925356","0.9170576","0.7649666","0.09991609"
"VOL_2","0.9199222","0.9590852","0.9059464","0.8996394","0.26513124"
"VOL_3","1.0139594","0.9128606","0.8501164","0.8369956","0.26018923"
"VOL_4","0.7787011","0.8842190","0.7733201","0.6088387","0.36538718"
"VOL_5","0.6926000","0.6141717","0.5065100","0.4932691","0.19047781"
