"","volm_1","volm_2","volm_3","volm_4","volm_5"
"VOL_1","2.075079","3.994442","4.800459","1.582482","3.544479"
"VOL_2","4.435197","1.574650","3.195212","4.152739","1.830929"
"VOL_3","3.096366","3.759346","1.083296","2.688159","3.230153"
"VOL_4","2.075079","3.994442","4.800459","1.582482","3.544479"
"VOL_5","4.435197","1.574650","3.195212","4.152739","1.830929"
