"","op_1","op_2","op_3","op_4","op_5"
"SIZE_1","2.148346","4.195516","4.382216","3.866753","3.289402"
"SIZE_2","2.115381","3.922842","4.252134","3.970125","3.978659"
"SIZE_3","2.394844","3.647142","4.123892","3.801189","3.926529"
"SIZE_4","2.413829","3.734653","4.095032","4.086402","4.048903"
"SIZE_5","1.744931","2.787911","3.287718","3.370178","4.166854"
