"","inv_1","inv_2","inv_3","inv_4","inv_5"
"SIZE_1","3.622032","4.384604","4.381061","3.531770","1.005260"
"SIZE_2","3.352339","4.416873","4.326280","4.020382","1.526610"
"SIZE_3","3.921387","4.674821","4.283431","3.626665","1.517577"
"SIZE_4","3.616325","3.932336","3.876099","3.504536","1.997388"
"SIZE_5","3.790976","3.394727","2.888088","2.686863","1.685469"
