"","MKT_R","SMB","HML","RMW","CMA"
"MKT_R",1,0.294885205084387,-0.304797037789587,-0.231414005684797,-0.391928587118444
"SMB",0.294885205084387,1,-0.108321758237982,-0.307345750405871,-0.134549591757672
"HML",-0.304797037789587,-0.108321758237982,1,0.139951492882183,0.741099487784449
"RMW",-0.231414005684797,-0.307345750405871,0.139951492882183,1,0.059625594591125
"CMA",-0.391928587118444,-0.134549591757672,0.741099487784449,0.059625594591125,1
