"","inv_1","inv_2","inv_3","inv_4","inv_5"
"VOL_1","3.644846","4.634962","4.413584","4.170793","1.299686"
"VOL_2","2.896015","4.245083","4.396752","3.949181","1.484397"
"VOL_3","3.113119","3.918728","4.050848","3.989966","1.315425"
"VOL_4","3.681246","4.359236","3.965077","3.176506","1.576657"
"VOL_5","3.555448","3.335354","3.325151","3.268790","1.604178"
