"","bm_1","bm_2","bm_3","bm_4","bm_5"
"VOL_1","0.2933037","2.035430","2.995675","3.852979","3.801202"
"VOL_2","0.7831699","2.627081","3.578403","3.671594","3.967053"
"VOL_3","1.0639560","2.739794","3.519388","3.825230","4.011571"
"VOL_4","1.4690305","2.391037","3.097148","3.358406","3.652535"
"VOL_5","1.2611176","1.962461","2.405053","1.752328","2.215133"
