"","op_1","op_2","op_3","op_4","op_5"
"VOL_1","1.5624843","3.077316","3.653381","3.295862","2.424959"
"VOL_2","1.3548936","3.297449","3.399891","3.493405","2.878615"
"VOL_3","1.3370372","3.027063","3.283335","3.032656","3.270277"
"VOL_4","1.2071857","2.550042","3.167647","2.987506","3.025681"
"VOL_5","0.5579777","1.234943","1.616423","2.022036","2.115179"
