"","volm_1","volm_2","volm_3","volm_4","volm_5"
"VOL_1","0.5677741","0.8935869","1.1239574","0.4337884","0.7818016"
"VOL_2","1.0255156","0.4174936","0.6947163","0.9196335","0.4866997"
"VOL_3","0.6570462","0.8121026","0.2346487","0.5315771","0.7434324"
"VOL_4","0.5677741","0.8935869","1.1239574","0.4337884","0.7818016"
"VOL_5","1.0255156","0.4174936","0.6947163","0.9196335","0.4866997"
