"","op_1","op_2","op_3","op_4","op_5"
"VOL_1","2.318433","3.902585","4.694230","4.248879","3.615494"
"VOL_2","1.656818","3.814571","3.869592","4.134554","3.370281"
"VOL_3","1.609180","3.430638","3.824670","3.278042","3.386434"
"VOL_4","1.705137","3.256240","3.569821","3.435074","3.571119"
"VOL_5","1.223818","2.393613","2.902816","3.039900","3.232069"
