"","ep_1","ep_2","ep_3","ep_4","ep_5"
"VOL_1","1.398092","3.335328","3.384628","3.063236","2.344928"
"VOL_2","1.469377","3.155474","3.463692","3.274068","3.207467"
"VOL_3","1.780909","2.890751","3.464826","2.999730","3.230285"
"VOL_4","1.728794","3.280010","3.288487","3.474588","3.230472"
"VOL_5","1.306234","2.216969","2.657965","2.656878","3.103087"
