"","inv_1","inv_2","inv_3","inv_4","inv_5"
"VOL_1","2.960185","3.857099","3.675628","2.904519","0.3047881"
"VOL_2","2.883060","3.965272","3.707203","3.487544","0.8160798"
"VOL_3","3.369056","4.012858","3.673582","3.305611","0.8307171"
"VOL_4","2.867771","3.999247","3.409029","2.507286","1.1879465"
"VOL_5","2.595224","2.978893","2.329133","2.021865","0.6012867"
