"Statistic","MKT_R","SMB","HML","RMW","CMA","MOM"
"Arithmetic Mean (%)",0.498646864686469,0.239106809510527,0.467195116047782,0.243121330512348,0.429800373593051,0.650732380978121
"Standard Deviation (%)",4.4869182286723,2.69324190018227,3.41497838247225,2.90259936375281,2.28315010077409,3.31941146173553
"t-statistic",2.73578050155633,2.18551048433445,3.36780275088563,2.06192222664801,4.63413452199503,4.81792237156891
