"","op_1","op_2","op_3","op_4","op_5"
"VOL_1","2.402531","3.996067","4.857233","4.373763","3.730992"
"VOL_2","1.755082","3.963457","3.987190","4.248020","3.503636"
"VOL_3","1.731868","3.526399","3.954289","3.430757","3.531030"
"VOL_4","1.828097","3.393964","3.727629","3.598855","3.731033"
"VOL_5","1.347220","2.480898","3.042927","3.178563","3.407706"
