"","bm_1","bm_2","bm_3","bm_4","bm_5"
"SIZE_1","0.2944939","0.7586160","0.8670515","1.0169969","1.1536567"
"SIZE_2","0.4952009","0.7844512","0.9147638","0.9206627","1.0156863"
"SIZE_3","0.4779702","0.7557598","0.7591114","0.9015315","1.1262879"
"SIZE_4","0.6056784","0.5956657","0.7436316","0.8443581","0.9890189"
"SIZE_5","0.4645869","0.5366838","0.4997565","0.5664139","0.6670461"
