"","bm_1","bm_2","bm_3","bm_4","bm_5"
"SIZE_1","1.023415","2.847002","3.439471","4.505117","4.780193"
"SIZE_2","1.912781","3.415932","4.355030","4.474152","4.146019"
"SIZE_3","2.156586","3.678139","4.026951","4.576494","4.847462"
"SIZE_4","3.003559","3.351599","4.118631","4.317359","4.381458"
"SIZE_5","3.421019","3.636795","3.224393","3.452455","3.628179"
