"","SMB_bm","SMB_op","SMB_inv","SMB","MOM"
"SMB_bm",1,0.874163322618804,0.947195317763052,0.962462329727552,-0.110601683121601
"SMB_op",0.874163322618804,1,0.950681789750856,0.968971775247811,-0.0762807922016619
"SMB_inv",0.947195317763052,0.950681789750856,1,0.99142758406314,-0.136397309508555
"SMB",0.962462329727552,0.968971775247811,0.99142758406314,1,-0.109931690257519
"MOM",-0.110601683121601,-0.0762807922016619,-0.136397309508555,-0.109931690257519,1
