"","bm_1","bm_2","bm_3","bm_4","bm_5"
"VOL_1","0.3902209","0.6962326","0.8879445","0.9609840","1.1427360"
"VOL_2","0.4213825","0.7353597","0.8281514","0.9048863","1.1386708"
"VOL_3","0.4675206","0.6911867","0.8098791","0.8336584","0.9578533"
"VOL_4","0.5557284","0.6635071","0.7301900","0.8260268","0.9519495"
"VOL_5","0.5928828","0.5874939","0.5794162","0.6880981","0.7976858"
