"","volm_1","volm_2","volm_3","volm_4","volm_5"
"SIZE_1","0.4966474","0.8442138","1.1299648","0.5378727","0.8044136"
"SIZE_2","1.0687607","0.5046510","0.7854040","0.9218720","0.5933782"
"SIZE_3","0.6978348","0.8354934","0.3664812","0.5701459","0.6078292"
"SIZE_4","0.4966474","0.8442138","1.1299648","0.5378727","0.8044136"
"SIZE_5","1.0687607","0.5046510","0.7854040","0.9218720","0.5933782"
