"","op_1","op_2","op_3","op_4","op_5"
"SIZE_1","0.6446177","0.9286643","0.9213248","0.8661512","0.8463530"
"SIZE_2","0.5388309","0.8562831","0.8587263","0.8543098","0.9836340"
"SIZE_3","0.5810025","0.7019905","0.8037860","0.7257463","0.8812819"
"SIZE_4","0.5630596","0.6731084","0.6993246","0.7469806","0.7944939"
"SIZE_5","0.3291716","0.3945379","0.4752986","0.4783210","0.5702765"
