"","bm_1","bm_2","bm_3","bm_4","bm_5"
"SIZE_1","1.029924","2.848243","3.434644","4.510117","4.783360"
"SIZE_2","1.911582","3.416974","4.355154","4.471217","4.148808"
"SIZE_3","2.156393","3.676089","4.028250","4.578225","4.847235"
"SIZE_4","3.004886","3.352920","4.120555","4.318606","4.381106"
"SIZE_5","3.420915","3.636524","3.223672","3.447191","3.632138"
