"","bm_1","bm_2","bm_3","bm_4","bm_5"
"VOL_1","0.1071100","0.6005393","0.8017428","0.9650121","1.0994342"
"VOL_2","0.2672578","0.7321385","0.9208950","0.9055474","1.1400180"
"VOL_3","0.3291776","0.7249250","0.8526710","0.9112431","1.0907039"
"VOL_4","0.4298032","0.6209135","0.7368644","0.7760951","0.9306230"
"VOL_5","0.3440068","0.4734975","0.5298463","0.4339990","0.5856741"
