"","op_1","op_2","op_3","op_4","op_5"
"VOL_1","0.6953671","0.8696027","1.0256104","0.9427302","0.9601990"
"VOL_2","0.4976447","0.8426811","0.8537832","0.9409170","0.8794363"
"VOL_3","0.4831769","0.7425342","0.8099925","0.7249730","0.8218471"
"VOL_4","0.5032460","0.7026720","0.7511950","0.7462312","0.8145110"
"VOL_5","0.4039032","0.5598028","0.6735974","0.6598894","0.6979007"
