"","inv_1","inv_2","inv_3","inv_4","inv_5"
"VOL_1","1.0512755","1.0227250","0.9315085","0.9387803","0.3636567"
"VOL_2","0.8033799","0.9023553","0.9293828","0.8748687","0.4038049"
"VOL_3","0.7948640","0.7845873","0.8030083","0.8708686","0.3575837"
"VOL_4","0.8648867","0.8627001","0.7758309","0.6548486","0.4255327"
"VOL_5","0.8267451","0.6194756","0.6262641","0.6910846","0.4475957"
