"","volm_1","volm_2","volm_3","volm_4","volm_5"
"VOL_1","0.5657659","0.8917386","1.1260763","0.4345718","0.7789036"
"VOL_2","1.0254416","0.4183707","0.6861002","0.9236073","0.4891547"
"VOL_3","0.6498199","0.8106539","0.2761871","0.5479953","0.7182100"
"VOL_4","0.5657659","0.8917386","1.1260763","0.4345718","0.7789036"
"VOL_5","1.0254416","0.4183707","0.6861002","0.9236073","0.4891547"
