"","bm_1","bm_2","bm_3","bm_4","bm_5"
"VOL_1","1.132476","2.773063","3.778406","4.306543","4.411439"
"VOL_2","1.399273","3.020459","3.719853","4.111059","4.229852"
"VOL_3","1.700631","3.043012","3.727136","3.858849","3.690339"
"VOL_4","2.180623","2.860088","3.414727","3.782136","3.687185"
"VOL_5","2.372416","2.780144","2.737395","3.128259","3.134108"
