"","op_1","op_2","op_3","op_4","op_5"
"VOL_1","0.6799416","0.8580816","1.0019055","0.9271292","0.9423053"
"VOL_2","0.4758358","0.8192229","0.8385804","0.9283442","0.8557218"
"VOL_3","0.4542924","0.7296120","0.7909857","0.7001896","0.7959543"
"VOL_4","0.4746502","0.6807936","0.7279100","0.7184570","0.7874562"
"VOL_5","0.3714292","0.5462446","0.6503552","0.6372939","0.6657952"
