"","volm_1","volm_2","volm_3","volm_4","volm_5"
"SIZE_1","0.4956052","0.8408907","1.1300358","0.5389904","0.7972317"
"SIZE_2","1.0699076","0.5066037","0.7803987","0.9195851","0.5883460"
"SIZE_3","0.6883875","0.8487900","0.4328250","0.5781702","0.6702889"
"SIZE_4","0.4956052","0.8408907","1.1300358","0.5389904","0.7972317"
"SIZE_5","1.0699076","0.5066037","0.7803987","0.9195851","0.5883460"
