"","emp_1","emp_2","emp_3","emp_4","emp_5"
"VOL_1","0.8474119","0.8854864","0.9108357","0.6833625","0.1209247"
"VOL_2","0.7354199","0.8907356","0.8573304","0.8244529","0.3325434"
"VOL_3","0.8722505","0.8506726","0.7624963","0.7219226","0.3564296"
"VOL_4","0.7457551","0.7747455","0.7395109","0.6893216","0.4433158"
"VOL_5","0.7218057","0.5803819","0.5159319","0.5047566","0.3431485"
