"","bm_1","bm_2","bm_3","bm_4","bm_5"
"VOL_1","0.3482164","0.6882539","0.8743227","0.9470731","1.1313935"
"VOL_2","0.3966019","0.7142906","0.8167771","0.8899659","1.1245550"
"VOL_3","0.4438398","0.6688669","0.7888077","0.8168908","0.9304834"
"VOL_4","0.5296874","0.6355941","0.7121716","0.7996770","0.9132235"
"VOL_5","0.5712407","0.5705308","0.5600551","0.6750236","0.7502750"
