"","mom_1","mom_2","mom_3","mom_4","mom_5"
"SIZE_1","1.192823","4.197234","5.055499","1.303427","4.074796"
"SIZE_2","4.721058","1.513036","3.690490","4.758792","1.723631"
"SIZE_3","3.739808","4.513870","2.014316","3.091574","4.191211"
"SIZE_4","1.192823","4.197234","5.055499","1.303427","4.074796"
"SIZE_5","4.721058","1.513036","3.690490","4.758792","1.723631"
